Id,PLU,Name,Category,Active
668928,,Bieslookvinaigrette,Sauce cold,TRUE
1371136,,Mosterdsaus,Sauce hot,TRUE
668931,,Romboutje,Prepared dishes,TRUE
668936,,Stoofvleessaus,Sauce hot,TRUE
668938,,Julientje,Prepared dishes,TRUE
668940,,Frikandel,Snacks,TRUE
668941,,Frikandel speciaal,Snacks,TRUE
668943,,Vleesbrochette (varken),Snacks,TRUE
668944,,Hamburgerschijf,Snacks,TRUE
668945,,Zigeunerstick,Snacks,TRUE
668947,,Mergueze saté,Snacks,TRUE
668948,,Visbrochette,Snacks,TRUE
668949,,Mini-megamix,Snacks,TRUE
668951,,Crizly pikant,Snacks,TRUE
1847064,,duomousse,Dessert,TRUE
668952,,Kippenboutjes,Snacks,TRUE
668953,,Ardeense saté,Snacks,TRUE
668954,,Kalkoenstick,Snacks,TRUE
668956,,Kalkoenbrochette v/h huis,"Chicken, Turkey & poultry",TRUE
668957,,Scampi-brochette v/h huis,Shellfish,TRUE
668958,,Kaasballetjes,Snacks,TRUE
668959,,kipkaasdonut,Snacks,TRUE
1848352,,Chocolademouse wit,Dessert,TRUE
1311777,,Witloof met ham,,TRUE
668961,,Viandel,Snacks,TRUE
668962,,Viandel speciaal,Snacks,TRUE
668963,,Spicy viandel,Snacks,TRUE
668964,,Mexicano,Snacks,TRUE
668965,,Vleeskroket,Snacks,TRUE
1257254,,Scampi’s Diabolique,Prepared dishes,TRUE
668968,,Boulet,Snacks,TRUE
668969,,Boulet speciaal,Snacks,TRUE
668971,,Kipcorn,Snacks,TRUE
668972,,Kipfingers,Snacks,TRUE
668974,,Kippets,Snacks,TRUE
668975,,Taco,Snacks,TRUE
649008,,Puree,Potato dishes,TRUE
668977,,Mammoet,Snacks,TRUE
1506609,,Wortelen,Vegetables,TRUE
860978,,Bicky oranje saus,Sauce cold,TRUE
668978,,Ribster,Snacks,TRUE
668979,,Bitterballen,Snacks,TRUE
668980,,Mini loempia’s,Snacks,TRUE
668982,,Mozarellasticks,Snacks,TRUE
668983,,Loempia (met kip),,TRUE
1940279,,scampi’s saus,Sauce cold,TRUE
668984,,Vuurvreter,Snacks,TRUE
654648,,Stoofvlees,Prepared dishes,TRUE
668985,,Cheese crack,Snacks,TRUE
668988,,Garnalenkroket,Shellfish,TRUE
668989,,Kaaskroket,Snacks,TRUE
668990,,Kaassouflé,Snacks,TRUE
668991,,Lookworst (rood),Snacks,TRUE
1335871,,kippenmarinade,Semifinished products,TRUE
654656,,Vol-au-vent,Prepared dishes,TRUE
668993,,Jagerworst (bruin),Meat preparations of crunched meat,TRUE
668994,,Bockworst,Snacks,TRUE
860995,,BELL’saus,Sauce cold,TRUE
668995,,Smullbox,Snacks,TRUE
1484099,,Tonijn perzik,Prepared dishes,TRUE
668996,,Mosselen in potje,Shellfish,TRUE
654660,,Tomatensaus,Sauce hot,TRUE
1335621,,Hesp (6st),Salads,TRUE
668998,,Mini-lucifers,Snacks,TRUE
669000,,Bami balletjes,Snacks,TRUE
1335625,,Salami (6st),Salads,TRUE
1312586,,Scampi's Creme pasta,Prepared dishes,TRUE
669004,,Stokbroodje,Bread and rolls,TRUE
654668,,Balletjes (gehakt),Meat preparations of crunched meat,TRUE
669009,,Broodje préparé,Sandwiches,TRUE
669011,,Broodje kaas,Sandwiches,TRUE
669014,,Broodje hesp,Sandwiches,TRUE
654678,,Spaghettisaus,Semifinished products,TRUE
669016,,Broodje tonijn,Sandwiches,TRUE
669017,,Broodje kaas&hesp,Sandwiches,TRUE
669019,,Broodje krabsalade,Sandwiches,TRUE
669028,,Bicky burger,Burgers,TRUE
656486,,balletjes in tomatensaus met puree,Prepared dishes,TRUE
669030,,Bicky cheese burger,Burgers,TRUE
1372518,,Jambonneau,Hot meals,TRUE
659047,,Américain natuur,Prepared dishes,TRUE
656488,,Frietjes,Potato dishes,TRUE
1508458,,Haksel,Spice,TRUE
669034,,Bicky burger (3 sauzen),Burgers,TRUE
1508459,,Passendaele mix,Spice,TRUE
1256811,,Scampi’s crème,Prepared dishes,TRUE
669040,,Bicky chicken,Burgers,TRUE
658546,,Béchamel,Sauce hot,TRUE
669042,,Bicky rib,Burgers,TRUE
669044,,Bicky rib (3 sauzen),Burgers,TRUE
658550,,Tagliatelli saus,Sauce hot,TRUE
669048,,Bicky fish,Burgers,TRUE
658553,,Scampi saus,Prepared dishes,TRUE
669049,,Bicky crispy,Burgers,TRUE
669050,,Bicky veggie,Burgers,TRUE
669052,,Bicky ketchup,Burgers,TRUE
669055,,BELL’Burger,Burgers,TRUE
669058,,Stoofvleessaus v/h huis,Sauce hot,TRUE
1290371,,Scampi curry saus,Sauce hot,TRUE
658564,,Witloof,Vegetables,TRUE
669060,,Tomatensaus v/h huis,Sauce hot,TRUE
669061,,Scampi saus v/h huis,Sauce hot,TRUE
658566,,Witloof saus,Sauce hot,TRUE
669062,,Witloof saus v/h huis,Sauce hot,TRUE
669064,,Béarnaise (warm),Sauce hot,TRUE
658569,,Tonijnsalade,Various Preparations,TRUE
669066,,Pepersaus (warm),Sauce hot,TRUE
669067,,Champignonsaus (warm),Sauce hot,TRUE
658572,,Krabsalade,Various Preparations,TRUE
669069,,Mayonnaise,Sauce cold,TRUE
1437838,,Tarte aux fruits,pattiserie,TRUE
669071,,Gele curry,Sauce cold,TRUE
1437839,,Tarte aux fraises,pattiserie,TRUE
658576,,Vinaigrette,Various Preparations,TRUE
669075,,Pickels,Sauce cold,TRUE
658580,,Half haantje,"Chicken, Turkey & poultry",TRUE
1440404,,Wit groot brood,Bread,TRUE
669077,,Toscaanse,Sauce cold,TRUE
1440405,,Wit klein brood,Bread,TRUE
669078,,Gele Bicky,Sauce cold,TRUE
1440406,,Bruin groot brood,,TRUE
1440407,,Bruin klein brood,,TRUE
658584,,Kip VAV,"Chicken, Turkey & poultry",TRUE
669080,,Ketchup,Sauce cold,TRUE
1440408,,Sandwiches,Bread,TRUE
669081,,Curry ketchup,Sauce cold,TRUE
1476505,,Garnaalkroketten,Prepared dishes,TRUE
1440410,,Meergranenbrood,Bread,TRUE
669083,,Tartare,Sauce cold,TRUE
669084,,Béarnaise (koud),Sauce cold,TRUE
669086,,Barbecue saus,Sauce cold,TRUE
658592,,Scampi’s natuur,Shellfish,TRUE
669088,,Brazil,Sauce cold,TRUE
669090,,Coctail,Sauce cold,TRUE
669092,,Samuraï,Sauce cold,TRUE
669095,,Joppie,Sauce cold,TRUE
658600,,Scampi brochette,Shellfish,TRUE
669097,,Mammoetsaus,Sauce cold,TRUE
669098,,Américaine saus,Sauce cold,TRUE
1839275,,Rosbief,Various Preparations,TRUE
669100,,Loempiasaus,Sauce cold,TRUE
658605,,Scampi’s Noordzee salade,Shellfish,TRUE
669102,,Pepersaus (koud),Sauce cold,TRUE
669104,,Hannibal saus,Sauce cold,TRUE
669105,,Andalouse,Sauce cold,TRUE
658610,,Vispan,Prepared dishes,TRUE
669106,,Bicky oranje saus,Sauce cold,TRUE
669108,,Chocolademousse,Dessert,TRUE
669113,,Coca cola,Drinks,TRUE
669114,,Coca cola zero,Drinks,TRUE
669116,,Fanta,Drinks,TRUE
1840830,,Aspergesoep,Prepared dishes,TRUE
669118,,Sprite,Drinks,TRUE
698046,,Ambachtelijke kipfingers,Snacks,TRUE
669120,,Ice Tea,Drinks,TRUE
669123,,Ice Tea Pêche,Drinks,TRUE
658884,,Spaghetti Bolognaise,Prepared dishes,TRUE
1398724,,Geraspte kaas,,TRUE
658629,,Diabolique saus,Sauce hot,TRUE
669125,,Ice Tea Green,Drinks,TRUE
668870,,Balletjes in tomatensaus,Prepared dishes,TRUE
658632,,Paté,Various Preparations,TRUE
668872,,Stoofvlees,Prepared dishes,TRUE
669128,,Schweppes Agrum,Drinks,TRUE
658633,,BELL’Burger (vlees),Meat preparations of crunched meat,TRUE
668873,,Vol-au-vent,Prepared dishes,TRUE
668874,,Boerenpaté,Prepared dishes,TRUE
658635,,Stoofvleessaus,Sauce hot,TRUE
669131,,Gini,Drinks,TRUE
668876,,Koude schotel,Prepared dishes,TRUE
669134,,Minute Maid multivitamine,Drinks,TRUE
669135,,Tropico,Drinks,TRUE
658640,,Américain préparé,Meat preparations of crunched meat,TRUE
668883,,Omelet,Prepared dishes,TRUE
669139,,Chaudfontaine plat,Drinks,TRUE
668884,,Vispannetje,Prepared dishes,TRUE
669141,,Chaudfontaine bruisend,Drinks,TRUE
669142,,"Jupiler 0,0%",Beer,TRUE
787159,,Tomatensoep met balletjes,Soup,TRUE
669143,,Jupiler,Beer,TRUE
669144,,Hoegaarden,Beer,TRUE
669146,,Leffe blond,Beer,TRUE
669147,,Leffe bruin,Beer,TRUE
669148,,Duvel,Beer,TRUE
1314525,,Scampi diabolique pasta,Prepared dishes,TRUE
669149,,Omer,Beer,TRUE
669151,,Kriek Bellevue,Beer,TRUE
1891551,,ZalmLasagne,Prepared dishes,TRUE
1314528,,Scampi curry pasta,Prepared dishes,TRUE
669152,,Rodenbach,Beer,TRUE
1891553,,ZalmTagliatelli,Prepared dishes,TRUE
1424354,,Steak Tartare,,TRUE
669155,,Campari orange,Aperitifs,TRUE
668901,,Rundsbrochette,Prepared dishes,TRUE
669157,,Porto rood,Aperitifs,TRUE
668903,,Tagliatelli Carbonara,Prepared dishes,TRUE
669159,,Porto wit,Aperitifs,TRUE
1610727,,Chocolademouse,Dessert,TRUE
668905,,Croque monsieur,Prepared dishes,TRUE
669161,,Martini wit,Aperitifs,TRUE
668906,,Croque Hawaï,Prepared dishes,TRUE
669162,,Martini rood,Aperitifs,TRUE
668907,,Croque Boem Boem,Prepared dishes,TRUE
669164,,Witte wijn,Wines,TRUE
669165,,Rode wijn,Wines,TRUE
668911,,Aardappelpuree,Prepared dishes,FALSE
668912,,Lasagne,Prepared dishes,TRUE
669168,,Rosé wijn,Wines,TRUE
668913,,Macaroni,Prepared dishes,TRUE
668914,,Salade Rauwkost,Vegetables,TRUE
1512179,,Cheesy frites,Prepared dishes,TRUE
668915,,Salade Scampi’s (gepaneerd),Salads,TRUE
668916,,Salade Noordzee,Salads,TRUE
669173,,Tomatensoep,Soup,TRUE
668918,,Salade Niçoise,Salads,TRUE
668921,,Salade Caesar,Salads,TRUE
669177,,Groentensoep,Soup,TRUE
668923,,Salade Geitenkaas,Salads,TRUE
668926,,Calamares,Prepared dishes,TRUE
1319423,,satekruiden,Semifinished products,TRUE
668927,,Honing-mosterd vinaigrette,Sauce cold,TRUE
669183,,Minestrone,Soup,TRUE
